ranking,movieTitle,movieYear,rating,movieLength,runtime,genre,releaseDate,summary
1,The Shawshank Redemption,1994,9.3,2h 22min,142,Drama,14-Oct-94,"Two imprisoned men bond over a number of years, finding solace and eventual redemption through acts of common decency."
2,The Godfather,1972,9.2,2h 55min,175,"Crime,Drama",24-Mar-72,An organized crime dynasty's aging patriarch transfers control of his clandestine empire to his reluctant son.
3,The Godfather: Part II,1974,9,3h 22min,202,"Crime,Drama",18-Dec-74,"The early life and career of Vito Corleone in 1920s New York City is portrayed, while his son, Michael, expands and tightens his grip on the family crime syndicate."
4,The Dark Knight,2008,9,2h 32min,152,"Action,Crime,Drama",18-Jul-08,"When the menace known as the Joker wreaks havoc and chaos on the people of Gotham, Batman must accept one of the greatest psychological and physical tests of his ability to fight injustice."
5,12 Angry Men,1957,9,1h 36min,96,"Crime,Drama",10-Apr-57,A jury holdout attempts to prevent a miscarriage of justice by forcing his colleagues to reconsider the evidence.
6,Schindler's List,1993,8.9,3h 15min,195,"Biography,Drama,History",04-Feb-94,"In German-occupied Poland during World War II, industrialistOskar Schindlergradually becomes concerned for his Jewish workforce after witnessing their persecution by the Nazis."
7,The Lord of the Rings: The Return of the King,2003,8.9,3h 21min,201,"Action,Adventure,Drama",17-Dec-03,Gandalf and Aragorn lead the World of Men against Sauron's army to draw his gaze from Frodo and Sam as they approach Mount Doom with the One Ring.
8,Pulp Fiction,1994,8.9,2h 34min,154,"Crime,Drama",14-Oct-94,"The lives of two mob hitmen, a boxer, a gangster and his wife, and a pair of diner bandits intertwine in four tales of violence and redemption."
9,"The Good, the Bad and the Ugly",1966,8.8,2h 58min,161,Western,29-Dec-67,A bounty hunting scam joins two men in an uneasy alliance against a third in a race to find a fortune in gold buried in a remote cemetery.
10,The Lord of the Rings: The Fellowship of the Ring,2001,8.8,2h 58min,178,"Action,Adventure,Drama",19-Dec-01,A meek Hobbit from the Shire and eight companions set out on a journey to destroy the powerful One Ring and save Middle-earth from the Dark Lord Sauron.
11,Fight Club,1999,8.8,2h 19min,139,Drama,15-Oct-99,An insomniac office worker and a devil-may-care soap maker form an underground fight club that evolves into much more.
12,Forrest Gump,1994,8.8,2h 22min,142,"Drama,Romance",06-Jul-94,"The presidencies of Kennedy and Johnson, the Vietnam War, the Watergate scandal and other historical events unfold from the perspective of an Alabama man with an IQ of 75, whose only desire is to be reunited with his childhood sweetheart."
13,Inception,2010,8.8,2h 28min,148,"Action,Adventure,Sci-Fi",16-Jul-10,A thief who steals corporate secrets through the use of dream-sharing technology is given the inverse task of planting an idea into the mind of a C.E.O.
14,The Lord of the Rings: The Two Towers,2002,8.7,2h 59min,179,"Action,Adventure,Drama",18-Dec-02,"While Frodo and Sam edge closer to Mordor with the help of the shifty Gollum, the divided fellowship makes a stand against Sauron's new ally, Saruman, and his hordes of Isengard."
15,Star Wars: Episode V - The Empire Strikes Back,1980,8.7,2h 4min,124,"Action,Adventure,Fantasy",20-Jun-80,"After the Rebels are brutally overpowered by the Empire on the ice planet Hoth, Luke Skywalker begins Jedi training with Yoda, while his friends are pursued across the galaxy by Darth Vader and bounty hunter Boba Fett."
16,The Matrix,1999,8.7,2h 16min,136,"Action,Sci-Fi",31-Mar-99,"When a beautiful stranger leads computer hacker Neo to a forbidding underworld, he discovers the shocking truth--the life he knows is the elaborate deception of an evil cyber-intelligence."
17,Goodfellas,1990,8.7,2h 26min,146,"Biography,Crime,Drama",21-Sep-90,"The story ofHenry Hilland his life in the mob, covering his relationship with his wife Karen Hill and his mob partners Jimmy Conway and Tommy DeVito in the Italian-American crime syndicate."
18,One Flew Over the Cuckoo's Nest,1975,8.7,2h 13min,133,Drama,19-Nov-75,"A criminal pleads insanity and is admitted to a mental institution, where he rebels against the oppressive nurse and rallies up the scared patients."
19,Seven Samurai,1954,8.6,3h 27min,207,"Action,Adventure,Drama",19-Nov-56,A poor village under attack by bandits recruits seven unemployed samurai to help them defend themselves.
20,Se7en,1995,8.6,2h 7min,127,"Crime,Drama,Mystery",22-Sep-95,"Two detectives, a rookie and a veteran, hunt a serial killer who uses the seven deadly sins as his motives."
21,The Silence of the Lambs,1991,8.6,1h 58min,118,"Crime,Drama,Thriller",14-Feb-91,"A young F.B.I. cadet must receive the help of an incarcerated and manipulative cannibal killer to help catch another serial killer, a madman who skins his victims."
22,City of God,2002,8.6,2h 10min,130,"Crime,Drama",13-Feb-04,"In the slums of Rio, two kids' paths diverge as one struggles to become a photographer and the other a kingpin."
23,It's a Wonderful Life,1946,8.6,2h 10min,130,"Drama,Family,Fantasy",07-Jan-47,An angel is sent from Heaven to help a desperately frustrated businessman by showing him what life would have been like if he had never existed.
24,Life Is Beautiful,1997,8.6,1h 56min,116,"Comedy,Drama,Romance",20-Dec-97,"When an open-minded Jewish librarian and his son become victims of the Holocaust, he uses a perfect mixture of will, humor, and imagination to protect his son from the dangers around their camp."
25,Star Wars: Episode IV - A New Hope,1977,8.6,2h 1min,121,"Action,Adventure,Fantasy",25-May-77,"Luke Skywalker joins forces with a Jedi Knight, a cocky pilot, a Wookiee and two droids to save the galaxy from the Empire's world-destroying battle station, while also attempting to rescue Princess Leia from the mysterious Darth Vader."
26,Saving Private Ryan,1998,8.6,2h 49min,169,"Drama,War",24-Jul-98,"Following the Normandy Landings, a group of U.S. soldiers go behind enemy lines to retrieve a paratrooper whose brothers have been killed in action."
27,Spirited Away,2001,8.6,2h 5min,125,"Animation,Adventure,Family",28-Mar-03,"During her family's move to the suburbs, a sullen 10-year-old girl wanders into a world ruled by gods, witches, and spirits, and where humans are changed into beasts."
28,Interstellar,2014,8.6,2h 49min,169,"Adventure,Drama,Sci-Fi",07-Nov-14,A team of explorers travel through a wormhole in space in an attempt to ensure humanity's survival.
29,The Green Mile,1999,8.6,3h 9min,189,"Crime,Drama,Fantasy",10-Dec-99,"The lives of guards on Death Row are affected by one of their charges: a black man accused of child murder and rape, yet who has a mysterious gift."
30,Parasite,2019,8.6,2h 12min,132,"Comedy,Drama,Thriller",08-Nov-19,Greed and class discrimination threaten the newly formed symbiotic relationship between the wealthy Park family and the destitute Kim clan.
31,Léon: The Professional,1994,8.5,1h 50min,110,"Action,Crime,Drama",18-Nov-94,"Mathilda, a 12-year-old girl, is reluctantly taken in by Léon, a professional assassin, after her family is murdered. An unusual relationship forms as she becomes his protégée and learns the assassin's trade."
32,Hara-Kiri,1962,8.6,2h 13min,133,"Action,Drama,Mystery",04-Aug-64,"When a ronin requesting seppuku at a feudal lord's palace is told of the brutal suicide of another ronin who previously visited, he reveals how their pasts are intertwined - and in doing so challenges the clan's integrity."
33,The Usual Suspects,1995,8.5,1h 46min,106,"Crime,Mystery,Thriller",16-Aug-95,"A sole survivor tells of the twisty events leading up to a horrific gun battle on a boat, which began when five criminals met at a seemingly random police lineup."
34,The Pianist,2002,8.5,2h 30min,150,"Biography,Drama,Music",28-Mar-03,A Polish Jewish musician struggles to survive the destruction of the Warsaw ghetto of World War II.
35,Back to the Future,1985,8.5,1h 56min,116,"Adventure,Comedy,Sci-Fi",03-Jul-85,"Marty McFly, a 17-year-old high school student, is accidentally sent thirty years into the past in a time-traveling DeLorean invented by his close friend, the eccentric scientist Doc Brown."
36,Terminator 2: Judgment Day,1991,8.5,2h 17min,137,"Action,Sci-Fi",03-Jul-91,"A cyborg, identical to the one who failed to kill Sarah Connor, must now protect her ten year old son, John Connor, from a more advanced and powerful cyborg."
37,Psycho,1960,8.5,1h 49min,109,"Horror,Mystery,Thriller",08-Sep-60,"A Phoenix secretary embezzles $40,000 from her employer's client, goes on the run, and checks into a remote motel run by a young man under the domination of his mother."
38,Modern Times,1936,8.5,1h 27min,87,"Comedy,Drama,Family",25-Feb-36,The Tramp struggles to live in modern industrial society with the help of a young homeless woman.
39,The Lion King,1994,8.5,1h 28min,88,"Animation,Adventure,Drama",24-Jun-94,"Lion prince Simba and his father are targeted by his bitter uncle, who wants to ascend the throne himself."
40,American History X,1998,8.5,1h 59min,119,Drama,20-Nov-98,A former neo-nazi skinhead tries to prevent his younger brother from going down the same wrong path that he did.
41,City Lights,1931,8.5,1h 27min,87,"Comedy,Drama,Romance",07-Mar-31,"With the aid of a wealthy erratic tippler, a dewy-eyed tramp who has fallen in love with a sightless flower girl accumulates money to be able to help her medically."
42,Gladiator,2000,8.5,2h 35min,155,"Action,Adventure,Drama",05-May-00,A former Roman General sets out to exact vengeance against the corrupt emperor who murdered his family and sent him into slavery.
43,Whiplash,2014,8.5,1h 46min,106,"Drama,Music",15-Oct-14,A promising young drummer enrolls at a cut-throat music conservatory where his dreams of greatness are mentored by an instructor who will stop at nothing to realize a student's potential.
44,The Departed,2006,8.5,2h 31min,151,"Crime,Drama,Thriller",06-Oct-06,An undercover cop and a mole in the police attempt to identify each other while infiltrating an Irish gang in South Boston.
45,Grave of the Fireflies,1988,8.5,1h 29min,89,"Animation,Drama,War",26-Jul-89,A young boy and his little sister struggle to survive in Japan during World War II.
46,The Intouchables,2011,8.5,1h 52min,112,"Biography,Comedy,Drama",02-Nov-11,"After he becomes a quadriplegic from a paragliding accident, an aristocrat hires a young man from the projects to be his caregiver."
47,The Prestige,2006,8.5,2h 10min,130,"Drama,Mystery,Sci-Fi",20-Oct-06,"After a tragic accident, two stage magicians engage in a battle to create the ultimate illusion while sacrificing everything they have to outwit each other."
48,Casablanca,1942,8.5,1h 42min,102,"Drama,Romance,War",23-Jan-43,A cynical expatriate American cafe owner struggles to decide whether or not to help his former lover and her fugitive husband escape the Nazis in French Morocco.
49,Once Upon a Time in the West,1968,8.5,2h 45min,165,Western,04-Jul-69,A mysterious stranger with a harmonica joins forces with a notorious desperado to protect a beautiful widow from a ruthless assassin working for the railroad.
50,Rear Window,1954,8.5,1h 52min,112,"Mystery,Thriller",01-Sep-54,A wheelchair-bound photographer spies on his neighbors from his apartment window and becomes convinced one of them has committed murder.
51,Cinema Paradiso,1988,8.5,2h 35min,155,"Drama,Romance",23-Feb-90,A filmmaker recalls his childhood when falling in love with the pictures at the cinema of his home village and forms a deep friendship with the cinema's projectionist.
52,Alien,1979,8.4,1h 57min,117,"Horror,Sci-Fi",22-Jun-79,"After a space merchant vessel receives an unknown transmission as a distress call, one of the crew is attacked by a mysterious life form and they soon realize that its life cycle has merely begun."
53,Apocalypse Now,1979,8.4,2h 27min,147,"Drama,Mystery,War",15-Aug-79,A U.S. Army officer serving in Vietnam is tasked with assassinating a renegade Special Forces Colonel who sees himself as a god.
54,Memento,2000,8.4,1h 53min,113,"Mystery,Thriller",25-May-01,A man with short-term memory loss attempts to track down his wife's murderer.
55,Indiana Jones and the Raiders of the Lost Ark,1981,8.4,1h 55min,115,"Action,Adventure",12-Jun-81,"In 1936, archaeologist and adventurer Indiana Jones is hired by the U.S. government to find the Ark of the Covenant beforeAdolf Hitler's Nazis can obtain its awesome powers."
56,The Great Dictator,1940,8.4,2h 5min,125,"Comedy,Drama,War",07-Mar-41,Dictator Adenoid Hynkel tries to expand his empire while a poor Jewish barber tries to avoid persecution from Hynkel's regime.
57,The Lives of Others,2006,8.4,2h 17min,137,"Drama,Mystery,Thriller",30-Mar-07,"In 1984 East Berlin, an agent of the secret police, conducting surveillance on a writer and his lover, finds himself becoming increasingly absorbed by their lives."
58,Django Unchained,2012,8.4,2h 45min,165,"Drama,Western",25-Dec-12,"With the help of a German bounty-hunter, a freed slave sets out to rescue his wife from a brutal plantation-owner in Mississippi."
59,Paths of Glory,1957,8.4,1h 28min,88,"Drama,War",25-Dec-57,"After refusing to attack an enemy position, a general accuses the soldiers of cowardice and their commanding officer must defend them."
60,Sunset Blvd.,1950,8.4,1h 50min,110,"Drama,Film-Noir",29-Sep-50,A screenwriter develops a dangerous relationship with a faded film star determined to make a triumphant return.
61,WALL·E,2008,8.4,1h 38min,98,"Animation,Adventure,Family",27-Jun-08,"In the distant future, a small waste-collecting robot inadvertently embarks on a space journey that will ultimately decide the fate of mankind."
62,The Shining,1980,8.4,2h 26min,144,"Drama,Horror",13-Jun-80,"A family heads to an isolated hotel for the winter where a sinister presence influences the father into violence, while his psychic son sees horrific forebodings from both past and future."
63,Witness for the Prosecution,1957,8.4,1h 56min,116,"Crime,Drama,Mystery",06-Feb-58,A veteran British barrister must defend his client in a murder trial that has surprise after surprise.
64,Avengers: Infinity War,2018,8.4,2h 29min,149,"Action,Adventure,Sci-Fi",27-Apr-18,The Avengers and their allies must be willing to sacrifice all in an attempt to defeat the powerful Thanos before his blitz of devastation and ruin puts an end to the universe.
65,Joker,2019,8.4,2h 2min,122,"Crime,Drama,Thriller",04-Oct-19,"In Gotham City, mentally troubled comedian Arthur Fleck is disregarded and mistreated by society. He then embarks on a downward spiral of revolution and bloody crime. This path brings him face-to-face with his alter-ego: the Joker."
66,Dr. Strangelove or: How I Learned to Stop Worrying and Love the Bomb,1964,8.4,1h 35min,95,Comedy,29-Jan-64,An insane general triggers a path to nuclear holocaust that a War Room full of politicians and generals frantically tries to stop.
67,Spider-Man: Into the Spider-Verse,2018,8.4,1h 57min,117,"Animation,Action,Adventure",14-Dec-18,"Teen Miles Morales becomes the Spider-Man of his universe, and must join with five spider-powered individuals from other dimensions to stop a threat for all realities."
68,Oldboy,2003,8.4,2h,120,"Action,Drama,Mystery",21-Nov-03,"After being kidnapped and imprisoned for fifteen years, Oh Dae-Su is released, only to find that he must find his captor in five days."
69,Princess Mononoke,1997,8.4,2h 14min,134,"Animation,Action,Adventure",19-Dec-97,"On a journey to find the cure for a Tatarigami's curse, Ashitaka finds himself in the middle of a war between the forest gods and Tatara, a mining colony. In this quest he also meets San, the Mononoke Hime."
70,Hamilton,2020,8.4,2h 40min,160,"Biography,Drama,History",03-Jul-20,"The real life of one of America's foremost founding fathers and first Secretary of the Treasury, Alexander Hamilton. Captured live on Broadway from the Richard Rodgers Theater with the original Broadway cast."
71,Your Name.,2016,8.4,1h 46min,106,"Animation,Drama,Fantasy",07-Apr-17,"Two strangers find themselves linked in a bizarre way. When a connection forms, will distance be the only thing to keep them apart?"
72,Once Upon a Time in America,1984,8.4,3h 49min,229,"Crime,Drama",01-Jun-84,"A former Prohibition-era Jewish gangster returns to the Lower East Side of Manhattan over thirty years later, where he once again must confront the ghosts and regrets of his old life."
73,The Dark Knight Rises,2012,8.4,2h 44min,164,"Action,Adventure",20-Jul-12,"Eight years after the Joker's reign of anarchy, Batman, with the help of the enigmatic Catwoman, is forced from his exile to save Gotham City from the brutal guerrilla terrorist Bane."
74,Aliens,1986,8.3,2h 17min,137,"Action,Adventure,Sci-Fi",18-Jul-86,"Fifty-seven years after surviving an apocalyptic attack aboard her space vessel by merciless space creatures, Officer Ripley awakens from hyper-sleep and tries to warn anyone who will listen about the predators."
75,Coco,2017,8.4,1h 45min,105,"Animation,Adventure,Drama",22-Nov-17,"Aspiring musician Miguel, confronted with his family's ancestral ban on music, enters the Land of the Dead to find his great-great-grandfather, a legendary singer."
76,Pather Panchali,1955,8.6,2h 5min,125,Drama,26-Aug-55,"Impoverished priest Harihar Ray, dreaming of a better life for himself and his family, leaves his rural Bengal village in search of work."
77,Das Boot,1981,8.3,2h 29min,149,"Adventure,Drama,Thriller",10-Feb-82,"The claustrophobic world of a WWII German U-boat; boredom, filth and sheer terror."
78,Capharnaüm,2018,8.4,2h 6min,126,Drama,20-Sep-18,"While serving a five-year sentence for a violent crime, a 12-year-old boy sues his parents for neglect."
79,Avengers: Endgame,2019,8.4,3h 1min,181,"Action,Adventure,Drama",26-Apr-19,"After the devastating events ofAvengers: Infinity War(2018), the universe is in ruins. With the help of remaining allies, the Avengers assemble once more in order to reverse Thanos' actions and restore balance to the universe."
80,High and Low,1963,8.4,2h 23min,143,"Crime,Drama,Mystery",26-Nov-63,An executive of a shoe company becomes a victim of extortion when his chauffeur's son is kidnapped and held for ransom.
81,American Beauty,1999,8.3,2h 2min,122,Drama,01-Oct-99,A sexually frustrated suburban father has a mid-life crisis after becoming infatuated with his daughter's best friend.
82,Toy Story,1995,8.3,1h 21min,81,"Animation,Adventure,Comedy",22-Nov-95,A cowboy doll is profoundly threatened and jealous when a new spaceman figure supplants him as top toy in a boy's room.
83,Braveheart,1995,8.3,2h 58min,178,"Biography,Drama,History",24-May-95,Scottish warrior William Wallace leads his countrymen in a rebellion to free his homeland from the tyranny of King Edward I of England.
84,Amadeus,1984,8.3,2h 40min,160,"Biography,Drama,History",19-Sep-84,"The life, success and troubles ofWolfgang Amadeus Mozart, as told byAntonio Salieri, the contemporaneous composer who was insanely jealous of Mozart's talent and claimed to have murdered him."
85,3 Idiots,2009,8.4,2h 50min,170,"Comedy,Drama",25-Dec-09,"Two friends are searching for their long lost companion. They revisit their college days and recall the memories of their friend who inspired them to think differently, even as the rest of the world called them ""idiots""."
86,Inglourious Basterds,2009,8.3,2h 33min,153,"Adventure,Drama,War",21-Aug-09,"In Nazi-occupied France during World War II, a plan to assassinate Nazi leaders by a group of Jewish U.S. soldiers coincides with a theatre owner's vengeful plans for the same."
87,Good Will Hunting,1997,8.3,2h 6min,126,"Drama,Romance",09-Jan-98,"Will Hunting, a janitor at M.I.T., has a gift for mathematics, but needs help from a psychologist to find direction in his life."
88,Star Wars: Episode VI - Return of the Jedi,1983,8.3,2h 11min,131,"Action,Adventure,Fantasy",25-May-83,"After a daring mission to rescue Han Solo from Jabba the Hutt, the Rebels dispatch to Endor to destroy the second Death Star. Meanwhile, Luke struggles to help Darth Vader back from the dark side without falling into the Emperor's trap."
89,2001: A Space Odyssey,1968,8.3,2h 29min,149,"Adventure,Sci-Fi",24-Jun-70,"After discovering a mysterious artifact buried beneath the Lunar surface, mankind sets off on a quest to find its origins with help from intelligent supercomputer H.A.L. 9000."
90,Reservoir Dogs,1992,8.3,1h 39min,99,"Crime,Drama,Thriller",02-Sep-92,"When a simple jewelry heist goes horribly wrong, the surviving criminals begin to suspect that one of them is a police informant."
91,M,1931,8.3,1h 39min,117,"Crime,Mystery,Thriller",31-Aug-31,"When the police in a German city are unable to catch a child-murderer, other criminals join in the manhunt."
92,Like Stars on Earth,2007,8.4,2h 45min,165,"Drama,Family",21-Dec-07,"An eight-year-old boy is thought to be a lazy trouble-maker, until the new art teacher has the patience and compassion to discover the real problem behind his struggles in school."
93,Citizen Kane,1941,8.3,1h 59min,119,"Drama,Mystery",05-Sep-41,"Following the death of publishing tycoon Charles Foster Kane, reporters scramble to uncover the meaning of his final utterance; 'Rosebud'."
94,Vertigo,1958,8.3,2h 8min,128,"Mystery,Romance,Thriller",22-May-58,A former police detective juggles wrestling with his personal demons and becoming obsessed with a hauntingly beautiful woman.
95,Requiem for a Dream,2000,8.3,1h 42min,102,Drama,15-Dec-00,The drug-induced utopias of four Coney Island people are shattered when their addictions run deep.
96,The Hunt,2012,8.3,1h 55min,115,Drama,10-Jan-13,"A teacher lives a lonely life, all the while struggling over his son's custody. His life slowly gets better as he finds love and receives good news from his son, but his new luck is about to be brutally shattered by an innocent little lie."
97,Come and See,1985,8.3,2h 22min,142,"Drama,Thriller,War",17-Oct-85,"After finding an old rifle, a young boy joins the Soviet resistance movement against ruthless German forces and experiences the horrors of World War II."
98,Singin' in the Rain,1952,8.3,1h 43min,103,"Comedy,Musical,Romance",11-Apr-52,A silent film production company and cast make a difficult transition to sound.
99,North by Northwest,1959,8.3,2h 16min,136,"Adventure,Mystery,Thriller",18-Dec-59,A New York City advertising executive goes on the run after being mistaken for a government agent by a group of foreign spies.
100,Eternal Sunshine of the Spotless Mind,2004,8.3,1h 48min,108,"Drama,Romance,Sci-Fi",19-Mar-04,"When their relationship turns sour, a couple undergoes a medical procedure to have each other erased from their memories."
101,Bicycle Thieves,1948,8.3,1h 29min,89,Drama,13-Dec-49,"In post-war Italy, a working-class man's bicycle is stolen. He and his son set out to find it."
102,Ikiru,1952,8.3,2h 23min,143,Drama,25-Mar-56,A bureaucrat tries to find a meaning in his life after he discovers he has terminal cancer.
103,Lawrence of Arabia,1962,8.3,3h 48min,187,"Adventure,Biography,Drama",11-Dec-62,"The story ofT.E. Lawrence, the English officer who successfully united and led the diverse, often warring, Arab tribes during World War I in order to fight the Turks."
104,The Father,2020,8.3,1h 37min,97,Drama,26-Feb-21,"A man refuses all assistance from his daughter as he ages. As he tries to make sense of his changing circumstances, he begins to doubt his loved ones, his own mind and even the fabric of his reality."
105,The Kid,1921,8.3,1h 8min,68,"Comedy,Drama,Family",06-Feb-21,"The Tramp cares for an abandoned child, but events put that relationship in jeopardy."
106,Full Metal Jacket,1987,8.3,1h 56min,116,"Drama,War",10-Jul-87,A pragmatic U.S. Marine observes the dehumanizing effects the Vietnam War has on his fellow recruits from their brutal boot camp training to the bloody street fighting in Hue.
107,Dangal,2016,8.4,2h 41min,161,"Action,Biography,Drama",21-Dec-16,Former wrestlerMahavir Singh Phogatand his two wrestler daughters struggle towards glory at the Commonwealth Games in the face of societal oppression.
108,A Clockwork Orange,1971,8.3,2h 16min,136,"Crime,Drama,Sci-Fi",02-Feb-72,"In the future, a sadistic gang leader is imprisoned and volunteers for a conduct-aversion experiment, but it doesn't go as planned."
109,Taxi Driver,1976,8.3,1h 54min,114,"Crime,Drama",09-Feb-76,"A mentally unstable veteran works as a nighttime taxi driver in New York City, where the perceived decadence and sleaze fuels his urge for violent action by attempting to liberate a presidential campaign worker and an underage prostitute."
110,Metropolis,1927,8.3,2h 33min,153,"Drama,Sci-Fi",13-Mar-27,"In a futuristic city sharply divided between the working class and the city planners, the son of the city's mastermind falls in love with a working-class prophet who predicts the coming of a savior to mediate their differences."
111,The Sting,1973,8.3,2h 9min,129,"Comedy,Crime,Drama",25-Dec-73,Two grifters team up to pull off the ultimate con.
112,Double Indemnity,1944,8.3,1h 47min,107,"Crime,Drama,Film-Noir",06-Jul-44,An insurance representative lets himself be talked by a seductive housewife into a murder/insurance fraud scheme that arouses the suspicion of an insurance investigator.
113,1917,2019,8.3,1h 59min,119,"Drama,Thriller,War",10-Jan-20,"April 6th, 1917. As a regiment assembles to wage war deep in enemy territory, two soldiers are assigned to race against time and deliver a message that will stop 1,600 men from walking straight into a deadly trap."
114,The Apartment,1960,8.3,2h 5min,125,"Comedy,Drama,Romance",29-Jun-60,"A man tries to rise in his company by letting its executives use his apartment for trysts, but complications and a romance of his own ensue."
115,A Separation,2011,8.3,2h 3min,123,Drama,16-Mar-11,A married couple are faced with a difficult decision - to improve the life of their child by moving to another country or to stay in Iran and look after a deteriorating parent who has Alzheimer's disease.
116,Amélie,2001,8.3,2h 2min,122,"Comedy,Romance",08-Feb-02,"Amélie is an innocent and naive girl in Paris with her own sense of justice. She decides to help those around her and, along the way, discovers love."
117,Incendies,2010,8.3,2h 11min,131,"Drama,Mystery,War",12-Jan-11,Twins journey to the Middle East to discover their family history and fulfill their mother's last wishes.
118,Snatch,2000,8.3,1h 42min,104,"Comedy,Crime",19-Jan-01,"Unscrupulous boxing promoters, violent bookmakers, a Russian gangster, incompetent amateur robbers and supposedly Jewish jewelers fight to track down a priceless stolen diamond."
119,Scarface,1983,8.3,2h 50min,170,"Crime,Drama",09-Dec-83,"In 1980 Miami, a determined Cuban immigrant takes over a drug cartel and succumbs to greed."
120,Toy Story 3,2010,8.2,1h 43min,103,"Animation,Adventure,Comedy",18-Jun-10,"The toys are mistakenly delivered to a day-care center instead of the attic right before Andy leaves for college, and it's up to Woody to convince the other toys that they weren't abandoned and to return home."
121,To Kill a Mockingbird,1962,8.3,2h 9min,129,"Crime,Drama",16-Mar-63,"Atticus Finch, a lawyer in the Depression-era South, defends a black man against an undeserved rape charge, and his children against prejudice."
122,For a Few Dollars More,1965,8.2,2h 12min,132,Western,10-May-67,Two bounty hunters with the same intentions team up to track down a Western outlaw.
123,Up,2009,8.2,1h 36min,96,"Animation,Adventure,Comedy",29-May-09,"78-year-old Carl Fredricksen travels to Paradise Falls in his house equipped with balloons, inadvertently taking a young stowaway."
124,Indiana Jones and the Last Crusade,1989,8.2,2h 7min,127,"Action,Adventure",24-May-89,"In 1938, after his father Professor Henry Jones, Sr. goes missing while pursuing the Holy Grail, Professor Henry ""Indiana"" Jones, Jr. finds himself up againstAdolf Hitler's Nazis again to stop them from obtaining its powers."
125,L.A. Confidential,1997,8.2,2h 18min,138,"Crime,Drama,Mystery",19-Sep-97,"As corruption grows in 1950s Los Angeles, three policemen - one strait-laced, one brutal, and one sleazy - investigate a series of murders with their own brand of justice."
126,Heat,1995,8.2,2h 50min,170,"Crime,Drama,Thriller",15-Dec-95,A group of professional bank robbers start to feel the heat from police when they unknowingly leave a clue at their latest heist.
127,Rashomon,1950,8.2,1h 28min,88,"Crime,Drama,Mystery",26-Dec-51,"The rape of a bride and the murder of her samurai husband are recalled from the perspectives of a bandit, the bride, the samurai's ghost and a woodcutter."
128,Yojimbo,1961,8.2,1h 50min,110,"Action,Drama,Thriller",13-Sep-61,A crafty ronin comes to a town divided by two criminal gangs and decides to play them against each other to free the town.
129,Ran,1985,8.2,2h 42min,162,"Action,Drama,War",01-Jun-85,"In Medieval Japan, an elderly warlord retires, handing over his empire to his three sons. However, he vastly underestimates how the new-found power will corrupt them and cause them to turn on each other...and him."
130,Die Hard,1988,8.2,2h 12min,132,"Action,Thriller",20-Jul-88,An NYPD officer tries to save his wife and several others taken hostage by German terrorists during a Christmas party at the Nakatomi Plaza in Los Angeles.
131,Monty Python and the Holy Grail,1975,8.2,1h 31min,91,"Adventure,Comedy,Fantasy",25-May-75,"King Arthur and his Knights of the Round Table embark on a surreal, low-budget search for the Holy Grail, encountering many, very silly obstacles."
132,Green Book,2018,8.2,2h 10min,130,"Biography,Comedy,Drama",16-Nov-18,A working-class Italian-American bouncer becomes the driver of an African-American classical pianist on a tour of venues through the 1960s American South.
133,Downfall,2004,8.2,2h 36min,156,"Biography,Drama,History",08-Apr-05,"Traudl Junge, the final secretary forAdolf Hitler, tells of the Nazi dictator's final days in his Berlin bunker at the end of WWII."
134,Batman Begins,2005,8.2,2h 20min,140,"Action,Adventure",15-Jun-05,"After training with his mentor, Batman begins his fight to free crime-ridden Gotham City from corruption."
135,Some Like It Hot,1959,8.2,2h 1min,121,"Comedy,Music,Romance",19-Mar-59,"After two male musicians witness a mob hit, they flee the state in an all-female band disguised as women, but further complications set in."
136,All About Eve,1950,8.2,2h 18min,138,Drama,27-Oct-50,A seemingly timid but secretly ruthless ingénue insinuates herself into the lives of an aging Broadway star and her circle of theater friends.
137,Unforgiven,1992,8.2,2h 10min,130,"Drama,Western",07-Aug-92,"Retired Old West gunslinger William Munny reluctantly takes on one last job, with the help of his old partner Ned Logan and a young man, The ""Schofield Kid."""
138,Children of Heaven,1997,8.3,1h 29min,89,"Drama,Family,Sport",22-Jan-99,"After a boy loses his sister's pair of shoes, he goes on a series of adventures in order to find them. When he can't, he tries a new way to ""win"" a new pair."
139,Howl's Moving Castle,2004,8.2,1h 59min,119,"Animation,Adventure,Family",17-Jun-05,"When an unconfident young woman is cursed with an old body by a spiteful witch, her only chance of breaking the spell lies with a self-indulgent yet insecure young wizard and his companions in his legged, walking castle."
140,The Wolf of Wall Street,2013,8.2,3h,180,"Biography,Crime,Drama",25-Dec-13,"Based on the true story ofJordan Belfort, from his rise to a wealthy stock-broker living the high life to his fall involving crime, corruption and the federal government."
141,The Great Escape,1963,8.2,2h 52min,172,"Adventure,Drama,History",04-Jul-63,Allied prisoners of war plan for several hundred of their number to escape from a German camp during World War II.
142,Judgment at Nuremberg,1961,8.2,2h 59min,179,"Drama,War",18-Dec-61,"In 1948, an American court in occupied Germany tries four Nazis judged for war crimes."
143,Casino,1995,8.2,2h 58min,178,"Crime,Drama",22-Nov-95,"A tale of greed, deception, money, power, and murder occur between two best friends: a mafia enforcer and a casino executive compete against each other over a gambling empire, and over a fast-living and fast-loving socialite."
144,The Treasure of the Sierra Madre,1948,8.2,2h 6min,126,"Adventure,Drama,Western",24-Jan-48,Two Americans searching for work in Mexico convince an old prospector to help them mine for gold in the Sierra Madre Mountains.
145,Pan's Labyrinth,2006,8.2,1h 58min,118,"Drama,Fantasy,War",19-Jan-07,"In the Falangist Spain of 1944, the bookish young stepdaughter of a sadistic army officer escapes into an eerie but captivating fantasy world."
146,There Will Be Blood,2007,8.2,2h 38min,158,Drama,25-Jan-08,"A story of family, religion, hatred, oil and madness, focusing on a turn-of-the-century prospector in the early days of the business."
147,A Beautiful Mind,2001,8.2,2h 15min,135,"Biography,Drama",04-Jan-02,"AfterJohn Nash, a brilliant but asocial mathematician, accepts secret work in cryptography, his life takes a turn for the nightmarish."
148,The Secret in Their Eyes,2009,8.2,2h 9min,129,"Drama,Mystery,Romance",21-May-10,A retired legal counselor writes a novel hoping to find closure for one of his past unresolved homicide cases and for his unreciprocated love with his superior - both of which still haunt him decades later.
149,Raging Bull,1980,8.2,2h 9min,129,"Biography,Drama,Sport",19-Dec-80,"The life of boxerJake LaMotta, whose violence and temper that led him to the top in the ring destroyed his life outside of it."
150,My Neighbor Totoro,1988,8.2,1h 26min,86,"Animation,Family,Fantasy",13-Jul-90,"When two girls move to the country to be near their ailing mother, they have adventures with the wondrous forest spirits who live nearby."
151,Chinatown,1974,8.2,2h 10min,130,"Drama,Mystery,Thriller",20-Jun-74,"A private detective hired to expose an adulterer finds himself caught up in a web of deceit, corruption, and murder."
152,"Lock, Stock and Two Smoking Barrels",1998,8.2,1h 47min,107,"Action,Comedy,Crime",28-Aug-98,"Eddy persuades his three pals to pool money for a vital poker game against a powerful local mobster, Hatchet Harry. Eddy loses, after which Harry gives him a week to pay back 500,000 pounds."
153,The Gold Rush,1925,8.2,1h 35min,95,"Adventure,Comedy,Drama",13-Jul-25,A prospector goes to the Klondike in search of gold and finds it and more.
154,"Three Billboards Outside Ebbing, Missouri",2017,8.1,1h 55min,115,"Comedy,Crime,Drama",01-Dec-17,A mother personally challenges the local authorities to solve her daughter's murder when they fail to catch the culprit.
155,Dial M for Murder,1954,8.2,1h 45min,105,"Crime,Thriller",29-May-54,A former tennis player tries to arrange his wife's murder after learning of her affair.
156,No Country for Old Men,2007,8.1,2h 2min,122,"Crime,Drama,Thriller",21-Nov-07,Violence and mayhem ensue after a hunter stumbles upon a drug deal gone wrong and more than two million dollars in cash near the Rio Grande.
157,Shutter Island,2010,8.2,2h 18min,138,"Mystery,Thriller",19-Feb-10,"In 1954, a U.S. Marshal investigates the disappearance of a murderer who escaped from a hospital for the criminally insane."
158,The Seventh Seal,1957,8.2,1h 36min,96,"Drama,Fantasy,History",13-Oct-58,"A man seeks answers about life, death, and the existence of God as he plays chess against the Grim Reaper during the Black Plague."
159,The Elephant Man,1980,8.1,2h 4min,124,"Biography,Drama",10-Oct-80,"A Victorian surgeon rescues a heavily disfigured man who is mistreated while scraping a living as a side-show freak. Behind his monstrous façade, there is revealed a person of kindness, intelligence and sophistication."
160,The Thing,1982,8.1,1h 49min,109,"Horror,Mystery,Sci-Fi",25-Jun-82,A research team in Antarctica is hunted by a shape-shifting alien that assumes the appearance of its victims.
161,The Sixth Sense,1999,8.1,1h 47min,107,"Drama,Mystery,Thriller",06-Aug-99,A boy who communicates with spirits seeks the help of a disheartened child psychologist.
162,Klaus,2019,8.2,1h 36min,96,"Animation,Adventure,Comedy",15-Nov-19,"A simple act of kindness always sparks another, even in a frozen, faraway place. When Smeerensburg's new postman, Jesper, befriends toymaker Klaus, their gifts melt an age-old feud and deliver a sleigh full of holiday traditions."
163,Inside Out,2015,8.1,1h 35min,95,"Animation,Adventure,Comedy",19-Jun-15,"After young Riley is uprooted from her Midwest life and moved to San Francisco, her emotions - Joy, Fear, Anger, Disgust and Sadness - conflict on how best to navigate a new city, house, and school."
164,V for Vendetta,2005,8.1,2h 12min,132,"Action,Drama,Sci-Fi",17-Mar-06,"In a future British tyranny, a shadowy freedom fighter, known only by the alias of ""V"", plots to overthrow it with the help of a young woman."
165,The Third Man,1949,8.1,1h 33min,104,"Film-Noir,Mystery,Thriller",12-Oct-49,"Pulp novelist Holly Martins travels to shadowy, postwar Vienna, only to find himself investigating the mysterious death of an old friend, Harry Lime."
166,Blade Runner,1982,8.1,1h 57min,117,"Action,Sci-Fi,Thriller",25-Jun-82,"A blade runner must pursue and terminate four replicants who stole a ship in space, and have returned to Earth to find their creator."
167,Wild Strawberries,1957,8.2,1h 31min,91,"Drama,Romance",22-Jun-59,"After living a life marked by coldness, an aging professor is forced to confront the emptiness of his existence."
168,The Bridge on the River Kwai,1957,8.1,2h 41min,161,"Adventure,Drama,War",14-Dec-57,"British POWs are forced to build a railway bridge across the river Kwai for their Japanese captors, not knowing that the allied forces are planning to destroy it."
169,Trainspotting,1996,8.1,1h 33min,93,Drama,09-Aug-96,"Renton, deeply immersed in the Edinburgh drug scene, tries to clean up and get out, despite the allure of the drugs and influence of friends."
170,My Father and My Son,2005,8.3,1h 52min,112,"Drama,Family",18-Nov-05,The family of a left-wing journalist is torn apart after the military coup of Turkey in 1980.
171,The Truman Show,1998,8.1,1h 43min,103,"Comedy,Drama",05-Jun-98,An insurance salesman discovers his whole life is actually a reality TV show.
172,Jurassic Park,1993,8.1,2h 7min,127,"Action,Adventure,Sci-Fi",11-Jun-93,A pragmatic paleontologist visiting an almost complete theme park is tasked with protecting a couple of kids after a power failure causes the park's cloned dinosaurs to run loose.
173,Warrior,2011,8.1,2h 20min,140,"Action,Drama,Sport",09-Sep-11,"The youngest son of an alcoholic former boxer returns home, where he's trained by his father for competition in a mixed martial arts tournament - a path that puts the fighter on a collision course with his estranged, older brother."
174,Fargo,1996,8.1,1h 38min,98,"Crime,Drama,Thriller",05-Apr-96,Jerry Lundegaard's inept crime falls apart due to his and his henchmen's bungling and the persistent police work of the quite pregnant Marge Gunderson.
175,Memories of Murder,2003,8.1,2h 12min,131,"Crime,Drama,Mystery",02-May-03,"In a small Korean province in 1986, two detectives struggle with the case of multiple young women being found raped and murdered by an unknown culprit."
176,Finding Nemo,2003,8.1,1h 40min,100,"Animation,Adventure,Comedy",30-May-03,"After his son is captured in the Great Barrier Reef and taken to Sydney, a timid clownfish sets out on a journey to bring him home."
177,Gone with the Wind,1939,8.1,3h 58min,238,"Drama,History,Romance",17-Jan-40,A manipulative woman and a roguish man conduct a turbulent romance during the American Civil War and Reconstruction periods.
178,Kill Bill: Vol. 1,2003,8.1,1h 51min,111,"Action,Crime,Drama",10-Oct-03,"After awakening from a four-year coma, a former assassin wreaks vengeance on the team of assassins who betrayed her."
179,Tokyo Story,1953,8.2,2h 16min,136,Drama,13-Mar-72,"An old couple visit their children and grandchildren in the city, but receive little attention."
180,On the Waterfront,1954,8.1,1h 48min,108,"Crime,Drama,Thriller",22-Jun-54,An ex-prize fighter turned longshoreman struggles to stand up to his corrupt union bosses.
181,Stalker,1979,8.1,2h 42min,162,"Drama,Sci-Fi",17-Apr-80,A guide leads two men through an area known as the Zone to find a room that grants wishes.
182,The General,1926,8.1,1h 7min,67,"Action,Adventure,Comedy",02-Jan-27,"When Union spies steal an engineer's beloved locomotive, he pursues it single-handedly and straight through enemy lines."
183,The Deer Hunter,1978,8.1,3h 3min,183,"Drama,War",23-Feb-79,An in-depth examination of the ways in which the U.S. Vietnam War impacts and disrupts the lives of people in a small industrial town in Pennsylvania.
184,Wild Tales,2014,8.1,2h 2min,122,"Comedy,Drama,Thriller",21-Aug-14,Six short stories that explore the extremities of human behavior involving people in distress.
185,Gran Torino,2008,8.1,1h 56min,116,Drama,09-Jan-09,"Disgruntled Korean War veteran Walt Kowalski sets out to reform his neighbor, Thao Lor, a Hmong teenager who tried to steal Kowalski's prized possession: a 1972 Gran Torino."
186,Sherlock Jr.,1924,8.2,45min,45,"Action,Comedy,Romance",11-May-24,"A film projectionist longs to be a detective, and puts his meagre skills to work when he is framed by a rival for stealing his girlfriend's father's pocketwatch."
187,Room,2015,8.1,1h 58min,118,"Drama,Thriller",22-Jan-16,"Held captive for 7 years in an enclosed space, a woman and her young son finally gain their freedom, allowing the boy to experience the outside world for the first time."
188,The Grand Budapest Hotel,2014,8.1,1h 39min,99,"Adventure,Comedy,Crime",28-Mar-14,"A writer encounters the owner of an aging high-class hotel, who tells him of his early years serving as a lobby boy in the hotel's glorious years under an exceptional concierge."
189,Before Sunrise,1995,8.1,1h 41min,101,"Drama,Romance",27-Jan-95,"A young man and woman meet on a train in Europe, and wind up spending one evening together in Vienna. Unfortunately, both know that this will probably be their only night together."
190,Persona,1966,8.1,1h 23min,85,"Drama,Thriller",16-Mar-67,A nurse is put in charge of a mute actress and finds that their personae are melding together.
191,Mary and Max,2009,8.1,1h 32min,92,"Animation,Comedy,Drama",12-Mar-10,"A tale of friendship between two unlikely pen pals: Mary, a lonely, eight-year-old girl living in the suburbs of Melbourne, and Max, a forty-four-year old, severely obese man living in New York."
192,In the Name of the Father,1993,8.1,2h 13min,133,"Biography,Crime,Drama",25-Feb-94,A man's coerced confession to an I.R.A. bombing he did not commit results in the imprisonment of his father as well. An English lawyer fights to free them.
193,Prisoners,2013,8.1,2h 33min,153,"Crime,Drama,Mystery",20-Sep-13,"When Keller Dover's daughter and her friend go missing, he takes matters into his own hands as the police pursue multiple leads and the pressure mounts."
194,Mr. Smith Goes to Washington,1939,8.1,2h 9min,129,"Comedy,Drama",19-Oct-39,"A naive man is appointed to fill a vacancy in the United States Senate. His plans promptly collide with political corruption, but he doesn't back down."
195,Gone Girl,2014,8.1,2h 29min,149,"Drama,Mystery,Thriller",03-Oct-14,"With his wife's disappearance having become the focus of an intense media circus, a man sees the spotlight turned on him when it's suspected that he may not be innocent."
196,Catch Me If You Can,2002,8.1,2h 21min,141,"Biography,Crime,Drama",25-Dec-02,"Barely 21 yet, Frank is a skilled forger who has passed as a doctor, lawyer and pilot. FBI agent Carl becomes obsessed with tracking down the con man, who only revels in the pursuit."
197,To Be or Not to Be,1942,8.2,1h 39min,99,"Comedy,Romance,War",06-Mar-42,"During the Nazi occupation of Poland, an acting troupe becomes embroiled in a Polish soldier's efforts to track down a German spy."
198,Hacksaw Ridge,2016,8.1,2h 19min,139,"Biography,Drama,History",04-Nov-16,"World War II American Army MedicDesmond T. Doss, who served during the Battle of Okinawa, refuses to kill people and becomes the first man in American history to receive the Medal of Honor without firing a shot."
199,Andhadhun,2018,8.2,2h 19min,139,"Crime,Drama,Music",05-Oct-18,"A series of mysterious events change the life of a blind pianist, who must now report a crime that he should technically know nothing of."
200,Barry Lyndon,1975,8.1,3h 5min,185,"Adventure,Drama,History",18-Dec-75,An Irish rogue wins the heart of a rich widow and assumes her dead husband's aristocratic position in 18th-century England.
201,The Big Lebowski,1998,8.1,1h 57min,117,"Comedy,Crime,Sport",06-Mar-98,"Jeff ""The Dude"" Lebowski, mistaken for a millionaire of the same name, seeks restitution for his ruined rug and enlists his bowling buddies to help get it."
202,Ford v Ferrari,2019,8.1,2h 32min,152,"Action,Biography,Drama",15-Nov-19,American car designerCarroll Shelbyand driverKen Milesbattle corporate interference and the laws of physics to build a revolutionary race car for Ford in order to defeat Ferrari at the 24 Hours of Le Mans in 1966.
203,12 Years a Slave,2013,8.1,2h 14min,134,"Biography,Drama,History",08-Nov-13,"In the antebellum United States,Solomon Northup, a free black man from upstate New York, is abducted and sold into slavery."
204,The Passion of Joan of Arc,1928,8.1,1h 54min,110,"Biography,Drama,History",25-Oct-28,"In 1431, Jeanne d'Arc is placed on trial on charges of heresy. The ecclesiastical jurists attempt to force Jeanne to recant her claims of holy visions."
205,How to Train Your Dragon,2010,8.1,1h 38min,98,"Animation,Action,Adventure",26-Mar-10,"A hapless young Viking who aspires to hunt dragons becomes the unlikely friend of a young dragon himself, and learns there may be more to the creatures than he assumed."
206,Mad Max: Fury Road,2015,8.1,2h,120,"Action,Adventure,Sci-Fi",15-May-15,"In a post-apocalyptic wasteland, a woman rebels against a tyrannical ruler in search for her homeland with the aid of a group of female prisoners, a psychotic worshiper, and a drifter named Max."
207,The Wages of Fear,1953,8.1,2h 11min,131,"Adventure,Drama,Thriller",16-Feb-55,"In a decrepit South American village, four men are hired to transport an urgent nitroglycerine shipment without the equipment that would make it safe."
208,Ben-Hur,1959,8.1,3h 32min,212,"Adventure,Drama,History",18-Nov-59,"After a Jewish prince is betrayed and sent into slavery by a Roman friend, he regains his freedom and comes back for revenge."
209,Million Dollar Baby,2004,8.1,2h 12min,132,"Drama,Sport",28-Jan-05,A determined woman works with a hardened boxing trainer to become a professional.
210,Dead Poets Society,1989,8.1,2h 8min,128,"Comedy,Drama",09-Jun-89,Maverick teacher John Keating uses poetry to embolden his boarding school students to new heights of self-expression.
211,Network,1976,8.1,2h 1min,121,Drama,27-Nov-76,A television network cynically exploits a deranged former anchor's ravings and revelations about the news media for its own profit.
212,Stand by Me,1986,8.1,1h 29min,89,"Adventure,Drama",22-Aug-86,"After the death of one of his friends, a writer recounts a childhood journey with his friends to find the body of a missing boy."
213,Harry Potter and the Deathly Hallows: Part 2,2011,8.1,2h 10min,130,"Adventure,Drama,Fantasy",15-Jul-11,"Harry, Ron, and Hermione search for Voldemort's remaining Horcruxes in their effort to destroy the Dark Lord as the final battle rages on at Hogwarts."
214,Autumn Sonata,1978,8.2,1h 39min,99,"Drama,Music",18-Oct-78,"A married daughter who longs for her mother's love is visited by the latter, a successful concert pianist."
215,Cool Hand Luke,1967,8.1,2h 7min,127,"Crime,Drama",01-Nov-67,"A laid back Southern man is sentenced to two years in a rural prison, but refuses to conform."
216,The 400 Blows,1959,8.1,1h 39min,99,"Crime,Drama",16-Nov-59,"A young boy, left without attention, delves into a life of petty crime."
217,The Handmaiden,2016,8.1,2h 25min,145,"Drama,Romance,Thriller",01-Jun-16,"A woman is hired as a handmaiden to a Japanese heiress, but secretly she is involved in a plot to defraud her."
218,The Bandit,1996,8.2,2h 8min,128,"Crime,Drama,Thriller",29-Nov-96,"Baran the Bandit, released from prison after 35 years, searches for vengeance and his lover."
219,Logan,2017,8.1,2h 17min,137,"Action,Drama,Sci-Fi",03-Mar-17,"In a future where mutants are nearly extinct, an elderly and weary Logan leads a quiet life. But when Laura, a mutant child pursued by scientists, comes to him for help, he must get her to safety."
220,Platoon,1986,8.1,2h,120,"Drama,War",06-Feb-87,"Chris Taylor, a neophyte recruit in Vietnam, finds himself caught in a battle of wills between two sergeants, one good and the other evil. A shrewd examination of the brutality of war and the duality of man in conflict."
221,Hachi: A Dog's Tale,2009,8.1,1h 33min,93,"Biography,Drama,Family",12-Mar-10,A college professor bonds with an abandoned dog he takes into his home.
222,La Haine,1995,8.1,1h 38min,98,"Crime,Drama",23-Feb-96,24 hours in the lives of three young men in the French suburbs the day after a violent riot.
223,Monty Python's Life of Brian,1979,8.1,1h 34min,94,Comedy,17-Aug-79,"Born on the original Christmas in the stable next door toJesus Christ, Brian of Nazareth spends his life being mistaken for a messiah."
224,Spotlight,2015,8.1,2h 9min,129,"Biography,Crime,Drama",20-Nov-15,"The true story of how the Boston Globe uncovered the massive scandal of child molestation and cover-up within the local Catholic Archdiocese, shaking the entire Catholic Church to its core."
225,Hotel Rwanda,2004,8.1,2h 1min,121,"Biography,Drama,History",04-Feb-05,"Paul Rusesabagina, a hotel manager, houses over a thousand Tutsi refugees during their struggle against the Hutu militia in Rwanda, Africa."
226,Into the Wild,2007,8.1,2h 28min,148,"Adventure,Biography,Drama",19-Oct-07,"After graduating from Emory University, top student and athlete Christopher McCandless abandons his possessions, gives his entire $24,000 savings account to charity and hitchhikes to Alaska to live in the wilderness. Along the way, Christopher encounters a series of characters that shape his life."
227,Rush,2013,8.1,2h 3min,123,"Action,Biography,Drama",27-Sep-13,The merciless 1970s rivalry between Formula One rivalsJames HuntandNiki Lauda.
228,Rebecca,1940,8.1,2h 10min,130,"Drama,Mystery,Romance",12-Apr-40,A self-conscious woman juggles adjusting to her new role as an aristocrat's wife and avoiding being intimidated by his first wife's spectral presence.
229,Andrei Rublev,1966,8.1,3h 25min,165,"Biography,Drama,History",Oct-73,"The life, times and afflictions of the fifteenth-century Russian iconographer St. Andrei Rublev."
230,"Monsters, Inc.",2001,8.1,1h 32min,92,"Animation,Adventure,Comedy",02-Nov-01,"In order to power the city, monsters have to scare children so that they scream. However, the children are toxic to the monsters, and after a child gets through, two monsters realize things may not be what they think."
231,Amores Perros,2000,8.1,2h 34min,154,"Drama,Thriller",13-Apr-01,"A horrific car accident connects three stories, each involving characters dealing with loss, regret, and life's harsh realities, all in the name of love."
232,Drishyam 2,2021,8.7,2h 32min,,"Crime,Drama,Thriller",19-Feb-21,A gripping tale of an investigation and a family which is threatened by it. Will Georgekutty be able to protect his family this time?
233,Rocky,1976,8.1,2h,120,"Drama,Sport",03-Dec-76,A small-time boxer gets a supremely rare chance to fight a heavyweight champion in a bout in which he strives to go the distance for his self-respect.
234,Gangs of Wasseypur,2012,8.2,5h 21min,321,"Action,Comedy,Crime",22-Jun-12,"A clash between Sultan and Shahid Khan leads to the expulsion of Khan from Wasseypur, and ignites a deadly blood feud spanning three generations."
235,Raatchasan,2018,8.5,2h 50min,170,"Action,Crime,Thriller",05-Oct-18,A sub-inspector sets out in pursuit of a mysterious serial killer who targets teen school girls and murders them brutally.
236,A Silent Voice: The Movie,2016,8.2,2h 10min,130,"Animation,Drama,Romance",17-Sep-16,"A young man is ostracized by his classmates after he bullies a deaf girl to the point where she moves away. Years later, he sets off on a path for redemption."
237,In the Mood for Love,2000,8.1,1h 38min,98,"Drama,Romance",09-Mar-01,"Two neighbors form a strong bond after both suspect extramarital activities of their spouses. However, they agree to keep their bond platonic so as not to commit similar wrongs."
238,Nausicaä of the Valley of the Wind,1984,8.1,1h 57min,117,"Animation,Adventure,Fantasy",25-Nov-87,Warrior and pacifist Princess Nausicaä desperately struggles to prevent two warring nations from destroying themselves and their dying planet.
239,It Happened One Night,1934,8.1,1h 45min,105,"Comedy,Romance",22-Feb-34,"A renegade reporter and a crazy young heiress meet on a bus heading for New York, and end up stuck with each other when the bus leaves them behind at one of the stops."
240,The Battle of Algiers,1966,8.1,2h 1min,121,"Drama,War",20-Sep-67,"In the 1950s, fear and violence escalate as the people of Algiers fight for independence from the French government."
241,Before Sunset,2004,8.1,1h 20min,80,"Drama,Romance",30-Jul-04,"Nine years after Jesse and Celine first met, they encounter each other again on the French leg of Jesse's book tour."
242,Rififi,1955,8.1,1h 58min,118,"Crime,Drama,Thriller",05-Jun-56,"Four men plan a technically perfect crime, but the human element intervenes..."
243,Soul,2020,8.1,1h 40min,100,"Animation,Adventure,Comedy",25-Dec-20,"After landing the gig of a lifetime, a New York jazz pianist suddenly finds himself trapped in a strange land between Earth and the afterlife."
244,The Princess Bride,1987,8.1,1h 38min,98,"Adventure,Family,Fantasy",09-Oct-87,"While home sick in bed, a young boy's grandfather reads him the story of a farmboy-turned-pirate who encounters numerous obstacles, enemies and allies in his quest to be reunited with his true love."
245,Fanny and Alexander,1982,8.1,3h 8min,188,Drama,17-Dec-82,"Two young Swedish children experience the many comedies and tragedies of their family, the Ekdahls."
246,Three Colors: Red,1994,8.1,1h 39min,99,"Drama,Mystery,Romance",23-Nov-94,A model discovers a retired judge is keen on invading people's privacy.
247,Sunrise,1927,8.1,1h 34min,94,"Drama,Romance",04-Nov-27,"A sophisticated urban woman seduces a farmer in the hopes that he will murder his neglected wife and join her in the city, but he soon finds himself rekindling his romance with the latter when she discovers their scheme."
248,Drishyam,2013,8.3,2h 40min,,"Crime,Drama,Thriller",19-Dec-13,A man goes to extreme lengths to save his family from punishment after the family commits an accidental crime.
249,Neon Genesis Evangelion: The End of Evangelion,1997,8.1,1h 27min,87,"Animation,Action,Drama",2005,Concurrent theatrical ending of the TV seriesShin seiki evangerion(1995).
250,Miracle in Cell No. 7,2019,8.2,2h 12min,132,Drama,11-Oct-19,A story of love between a mentally-ill father who was wrongly accused of murder and his lovely six year old daughter. Prison will be their home. Based on the 2013 Korean movieMiracle in Cell No. 7(2013).
